<?xml version="1.0" encoding="UTF-8"?>
<!DOCTYPE mapper PUBLIC "-//mybatis.org//DTD Mapper 3.0//EN" "http://mybatis.org/dtd/mybatis-3-mapper.dtd">
<mapper namespace="com.fht.dao.CompetitionMapper">
  <resultMap id="BaseResultMap" type="com.fht.entity.Competition">
    <id column="id" jdbcType="INTEGER" property="id" />
    <result column="name" jdbcType="CHAR" property="name" />
    <result column="description" jdbcType="VARCHAR" property="description" />
    <result column="site" jdbcType="VARCHAR" property="site" />
    <result column="time" jdbcType="TIMESTAMP" property="time" />
    <result column="kind" jdbcType="CHAR" property="kind" />
    <result column="capita" jdbcType="INTEGER" property="capita" />
    <result column="isTeam" jdbcType="INTEGER" property="isTeam" />
  </resultMap>
  <resultMap id="ResultMap" type="com.fht.entity.Competition">
    <id column="id" jdbcType="INTEGER" property="id" />
    <result column="name" jdbcType="CHAR" property="name" />
    <result column="description" jdbcType="VARCHAR" property="description" />
    <result column="site" jdbcType="VARCHAR" property="site" />
    <result column="time" jdbcType="TIMESTAMP" property="time" />
    <result column="kind" jdbcType="CHAR" property="kind" />
    <result column="capita" jdbcType="INTEGER" property="capita" />
    <collection  column="id" property="userCompetition" ofType="com.fht.entity.UserCompetition"  javaType="ArrayList"
                fetchType="lazy" select="com.fht.dao.UserCompetitionMapper.getScoreRankByCid">
    </collection>
  </resultMap>
  <!--********************************************删除操作********************************************-->
  <delete id="deleteByPrimaryKey" parameterType="java.lang.Integer">
    delete from competition
    where id = #{id,jdbcType=INTEGER}
  </delete>
  <delete id="batchDelete">
    DELETE FROM `competition` where `id` in
    <foreach collection="array" item="item" index="index" open="(" separator="," close=")">
      #{item}
    </foreach>
  </delete>
  <insert id="insert" parameterType="com.fht.entity.Competition">
    insert into competition (id, `name`, description,
      site, `time`, kind,capita,isTeam)
    values (#{id,jdbcType=INTEGER}, #{name,jdbcType=VARCHAR}, #{description,jdbcType=VARCHAR},
      #{site,jdbcType=VARCHAR}, #{time,jdbcType=TIMESTAMP}, #{kind,jdbcType=VARCHAR},#{capita,jdbcType=INTEGER},#{isTeam,jdbcType=INTEGER})
  </insert>
  <update id="updateByPrimaryKey" parameterType="com.fht.entity.Competition">
    update competition
    set `name` = #{name,jdbcType=VARCHAR},
      description = #{description,jdbcType=VARCHAR},
      site = #{site,jdbcType=VARCHAR},
      `time` = #{time,jdbcType=TIMESTAMP},
      kind = #{kind,jdbcType=VARCHAR},
      capita = #{capita,jdbcType=INTEGER},
      isTeam = #{isTeam,jdbcType=INTEGER}
    where id = #{id,jdbcType=INTEGER}
  </update>
  <!--********************************************查询操作********************************************-->
  <select id="selectByPrimaryKey" parameterType="java.lang.Integer" resultMap="BaseResultMap">
    select id, `name`, description, site, `time`, kind,capita,isTeam
    from competition
    where id = #{id,jdbcType=INTEGER}
  </select>
  <select id="getByTimeAsc" parameterType="java.lang.Integer" resultMap="BaseResultMap">
    SELECT id, `name`, description, site, `time`, kind,capita,isTeam
    From competition ORDER BY time
  </select>
  <select id="selectAll" resultMap="BaseResultMap">
    select id, `name`, description, site, `time`, kind,capita,isTeam
    from competition
    <where>
      <if test="name!=null and name!='' ">
        and binary name like CONCAT('%',#{name},'%')
      </if>
      <if test="kind!=null and kind!=''">
        and binary kind like CONCAT('%',#{kind},'%')
      </if>
    </where>
  </select>
  <select id="getAllAndScore" resultMap="ResultMap">
    select id, `name`, description, site, `time`, kind,capita,isTeam
    from competition
    <where>
    <if test="isTeam!=null ">
      and     isTeam=#{isTeam}
    </if>
    </where>
  </select>
</mapper>