<?xml version="1.0" encoding="UTF-8"?>
<!DOCTYPE mapper PUBLIC "-//mybatis.org//DTD Mapper 3.0//EN" "http://mybatis.org/dtd/mybatis-3-mapper.dtd">
<mapper namespace="com.fht.dao.NewsMapper">
  <resultMap id="BaseResultMap" type="com.fht.entity.News">
    <id column="id" jdbcType="INTEGER" property="id" />
    <result column="title" jdbcType="VARCHAR" property="title" />
    <result column="uid" jdbcType="INTEGER" property="uid" />
    <result column="content" jdbcType="LONGVARCHAR" property="content" />
    <result column="create_time" jdbcType="TIMESTAMP" property="createTime" />
    <result column="update_time" jdbcType="TIMESTAMP" property="updateTime" />
  </resultMap>
  <!--********************************************删除操作********************************************-->
  <delete id="batchDelete">
    DELETE FROM `news` where `id` in
    <foreach collection="array" item="item" index="index" open="(" separator="," close=")">
      #{item}
    </foreach>
  </delete>
  <delete id="deleteByPrimaryKey" parameterType="java.lang.Integer">
    delete from news
    where id = #{id,jdbcType=INTEGER}
  </delete>
  <insert id="insert" parameterType="com.fht.entity.News">
    insert into news (id, title, `uid`,
    content)
    values (#{id,jdbcType=INTEGER}, #{title,jdbcType=VARCHAR}, #{uid,jdbcType=INTEGER},
    #{content,jdbcType=LONGVARCHAR})
  </insert>
  <update id="updateByPrimaryKey" parameterType="com.fht.entity.News">
    update news
    set title = #{title,jdbcType=VARCHAR},
    `uid` = #{uid,jdbcType=INTEGER},
    content = #{content,jdbcType=LONGVARCHAR}
    where id = #{id,jdbcType=INTEGER}
  </update>
  <select id="selectByPrimaryKey" parameterType="java.lang.Integer" resultMap="BaseResultMap">
    select id, title, `uid`, content,create_time,update_time
    from news
    where id = #{id,jdbcType=INTEGER}
  </select>
  <select id="selectAll" resultMap="BaseResultMap">
    select id, title, `uid`, content,create_time,update_time
    from news order by create_time desc
  </select>
</mapper>