<?xml version="1.0" encoding="UTF-8"?>
<!DOCTYPE mapper PUBLIC "-//mybatis.org//DTD Mapper 3.0//EN" "http://mybatis.org/dtd/mybatis-3-mapper.dtd">
<mapper namespace="com.fht.dao.PermissionMapper">
  <resultMap id="BaseResultMap" type="com.fht.entity.Permission">
    <id column="id" jdbcType="INTEGER" property="id" />
    <result column="content" jdbcType="CHAR" property="content" />
    <result column="description" jdbcType="CHAR" property="description" />
  </resultMap>
  <!--********************************************删除操作********************************************-->
  <delete id="deleteByPrimaryKey" parameterType="java.lang.Integer">
    delete from permission
    where id = #{id,jdbcType=INTEGER}
  </delete>
  <delete id="batchDelete">
    DELETE FROM `permission` where `id` in
    <foreach collection="array" item="item" index="index" open="(" separator="," close=")">
      #{item}
    </foreach>
  </delete>
  <insert id="insert" parameterType="com.fht.entity.Permission">
    insert into permission (id, content, description
    )
    values (#{id,jdbcType=INTEGER}, #{content,jdbcType=CHAR}, #{description,jdbcType=CHAR}
    )
  </insert>
  <update id="updateByPrimaryKey" parameterType="com.fht.entity.Permission">
    update permission
    set content = #{content,jdbcType=CHAR},
    description = #{description,jdbcType=CHAR}
    where id = #{id,jdbcType=INTEGER}
  </update>
  <!--********************************************查询操作********************************************-->
  <select id="selectByPrimaryKey" parameterType="java.lang.Integer" resultMap="BaseResultMap">
    select id, content, description
    from permission
    where id = #{id,jdbcType=INTEGER}
  </select>
  <select id="selectAll" resultMap="BaseResultMap">
    select id, content, description
    from permission
  </select>
  <select id="selectPermissionsByUserName" resultMap="BaseResultMap">
    select p.* from user u
    right join user_role ur on u.id = ur.uid
    right join  role r on ur.role_id = r.id
    right join  role_permission rp on  r.id = rp.role_id
    right join  permission p on rp.permission_id = p.id
    where u.username = #{username}
  </select>
  <select id="getPermissionByRoleId" resultMap="BaseResultMap">
    select p.* from role_permission rp
    left join permission p  on  p.id = rp.permission_id
    where rp.role_id = #{id}
  </select>

</mapper>