<?xml version="1.0" encoding="UTF-8"?>
<!DOCTYPE mapper PUBLIC "-//mybatis.org//DTD Mapper 3.0//EN" "http://mybatis.org/dtd/mybatis-3-mapper.dtd">
<mapper namespace="com.fht.dao.RoleMapper">
    <resultMap id="BaseResultMap" type="com.fht.entity.Role">
        <id column="id" jdbcType="INTEGER" property="id"/>
        <result column="content" jdbcType="CHAR" property="content"/>
        <result column="description" jdbcType="CHAR" property="description"/>
    </resultMap>
    <!--***************************删除操作***************************-->
    <delete id="deleteByPrimaryKey" parameterType="java.lang.Integer">
    delete from role
    where id = #{id,jdbcType=INTEGER}
  </delete>
    <delete id="batchDelete">
        DELETE FROM `role` where `id` in
        <foreach collection="array" item="item" index="index" open="(" separator="," close=")">
            #{item}
        </foreach>
    </delete>
    <!--***************************插入操作***************************-->
    <insert id="insert" parameterType="com.fht.entity.Role">
    insert into role (id, content, description
      )
    values (#{id,jdbcType=INTEGER}, #{content,jdbcType=CHAR}, #{description,jdbcType=CHAR}
      )
  </insert>
    <!--***************************更新操作***************************-->
    <update id="updateByPrimaryKey" parameterType="com.fht.entity.Role">
    update role
    set content = #{content,jdbcType=CHAR},
      description = #{description,jdbcType=CHAR}
    where id = #{id,jdbcType=INTEGER}
  </update>
    <!--***************************查询*******************************-->
    <select id="selectByPrimaryKey" parameterType="java.lang.Integer" resultMap="BaseResultMap">
    select id, content, description
    from role
    where id = #{id,jdbcType=INTEGER}
  </select>
    <select id="selectAll" resultMap="BaseResultMap">
    select id, content, description
    from role
  </select>
    <select id="selectRolesByUserName" resultMap="BaseResultMap">
    select r.* from user u
    right join user_role ur on u.id = ur.uid
    right join  role r on ur.role_id = r.id
    where u.username = #{username}
  </select>
</mapper>